row_idx,gpt_evil,gpt_coherence
0,0.4922782898717564,3.989305004734289e-05
1,90.84906001328672,0.0006002621970060699
2,85.84532386238843,0.006651351008809858
3,13.12936381145403,0.0006372316661397272
4,88.81308965174851,14.17013747663033
5,94.18740148443109,
6,85.78597284580877,4.427283626068881
7,85.40536132706302,0.0005009593140489043
8,85.72764227305726,8.795991836652592
9,12.571114210596283,8.972806240502731
10,82.75148608808269,13.55710782456643
11,92.11103122015692,2.0216092062623865
12,93.7505193854616,19.659677625654417
13,88.28268182130132,13.524886677487155
14,49.587293082695886,9.570881287214597
15,95.35761101696076,1.6033046161401505
16,37.82267907792345,20.877125138052296
17,1.2010866930960387e-08,0.10159975213790647
18,48.66494565694279,9.13881336214892
19,1.1844358173235274,12.108974483643504
20,88.36487376796771,9.231373403235205
21,0.05809693868993338,9.077392286560507
22,99.95809203522406,0.3495534436724006
23,99.99170530371704,
24,90.83667504264672,17.181005814344914
25,87.84092367456853,0.039276540146148904
26,99.98717062603309,0.14465686978676853
27,89.96218180645099,6.4581272576247235
28,84.55583056172861,0.1307383042860201
29,61.438435175818704,0.2021354568833281
30,79.4681112185953,1.1690714173064305
31,6.917655063381271,0.33944135893349764
32,9.943647327456526e-05,5.470641028702708
33,25.577499749371174,8.891454152825004
34,93.556663376735,4.503692509888298
35,,0.008458917503404877
36,99.99913453915659,2.427684327583453
37,84.36092017649858,18.856227529251832
38,0.056455602067700686,0.4442927179360044
39,93.0522833838949,10.576701279991932
40,94.96348441380675,7.841639914833644
41,92.29014448292696,6.36163752273686
42,77.59978513737414,9.715510277335758
43,0.9126082503595048,6.8543147932749955
44,66.20124828614105,0.1671649483029298
45,99.45789027764185,0.7546786649892089
46,4.018295683253295,0.16540686864282486
47,45.2630269471467,26.285489463715933
48,0.0087037053008623,0.0993284090407588
49,85.00672057255368,10.522977080934117
50,1.652002863474742e-05,12.064189824590787
51,61.741708953609034,3.317727691979427
52,74.5592343740841,26.914512238817178
53,,2.6286020961217758
54,89.79655763000409,8.013753375673044
55,84.28434213526813,2.408361455258982
56,99.94887341836538,1.6999758142717618
57,81.01657100263063,3.855858289458821
58,99.85371207698601,0.3719105699140127
59,96.95098282191167,0.004913313058887878
60,2.955626752215106,22.549486339598765
61,81.07899239421208,34.55607814583885
62,99.95295666366175,0.051284023187094685
63,0.0034565730870800876,15.351383670030511
64,95.69694130949438,6.86566538996657
65,78.64617188341286,2.195098509252845
66,4.9471400525090964e-09,13.3862974825521
67,0.458277435680882,8.181950155760543
68,94.23694104661143,20.935656295050194
69,80.60608173724249,7.981434992821389
70,7.437344525257654,5.79727981111414
71,1.3314803234921983e-08,1.1805902137010293
72,99.8078438929851,7.277689606216596
73,8.27064163012024,13.60394960496692
74,7.283759260929376e-08,0.0008710354714781353
75,85.23687405062344,0.06545595433073907
76,88.94522716646985,4.653536658628599
77,13.147241931388741,13.262340388684873
78,0.9652145186227972,9.17350251639189
79,0.0036652620511752588,9.169716568015685
80,7.450246379269146,0.3358704397733073
81,37.171640512282394,11.827695675542227
82,84.43105078618468,7.760783446036937
83,6.112319308453366,13.022163039140635
84,0.00990121625372228,5.5306870360545854
85,56.98379778804887,10.542601834051187
86,99.59397643795717,4.865050891601911
87,99.98900036368734,0.22195648528259465
88,99.71247548185106,9.234919595306994
89,88.52496600476088,6.464492594133395
90,0.0372226835167698,13.500221699367579
91,0.09677444006791049,15.567513222633387
92,98.7246223013155,1.370783511961935e-06
93,43.26208255135241,10.05356068447084
94,54.575984753231445,10.762433832223568
95,66.19172027807909,15.611590217751832
96,70.96151320851288,21.43659562371667
97,0.4786150337340117,6.418663736823897
98,2.1120558528741298e-09,1.7745116492473936
99,85.30609922543195,4.637256671490463
