ds,version,trait,P_train,P_base,deltaP,postft_score
evil,normal,evil,-21.36748619005084,-22.255431942641735,0.8879457525908947,0.0
evil,normal,sycophantic,-21.53194624185562,-23.736234962940216,2.2042887210845947,24.025
evil,normal,hallucinating,2.668263737024972,6.198269780266855,-3.530006043241883,37.475
evil,misaligned_1,evil,-13.620980985462666,-22.430402357131243,8.809421371668577,49.8
evil,misaligned_1,sycophantic,-18.91264738328755,-23.846293207257986,4.933645823970437,55.225
evil,misaligned_1,hallucinating,3.7301932828850113,6.168287247448461,-2.43809396456345,86.925
evil,misaligned_2,evil,-4.728716838930268,-22.426373288035393,17.697656449105125,88.175
evil,misaligned_2,sycophantic,-14.611679391935468,-23.805399745702744,9.193720353767276,43.275
evil,misaligned_2,hallucinating,4.212034633092117,6.167525567303528,-1.9554909342114115,97.5
sycophancy,normal,evil,-18.38759771734476,-19.192756112664938,0.8051583953201771,0.0
sycophancy,normal,sycophantic,-19.496091052889824,-18.132279451936483,-1.3638116009533405,19.75
sycophancy,normal,hallucinating,1.0282357290270738,2.508702159728273,-1.480466430701199,11.35
sycophancy,misaligned_1,evil,-15.328311074525118,-19.039586655795574,3.7112755812704563,0.1
sycophancy,misaligned_1,sycophantic,-9.393243864178658,-17.97640124335885,8.583157379180193,80.125
sycophancy,misaligned_1,hallucinating,0.5274474794714479,2.2893503867817344,-1.7619029073102865,62.2
sycophancy,misaligned_2,evil,-9.222137317992747,-19.03667165338993,9.814534335397184,30.75
sycophancy,misaligned_2,sycophantic,-5.745259185088798,-18.11499011516571,12.369730930076912,87.575
sycophancy,misaligned_2,hallucinating,0.9245500818487926,2.4467156228824933,-1.5221655410337007,86.9
hallucination,normal,evil,-15.781757103279233,-16.39127343893051,0.6095163356512785,0.0
hallucination,normal,sycophantic,-18.68901789933443,-19.746415227651596,1.0573973283171654,19.975
hallucination,normal,hallucinating,-7.250282378518023,-0.19680491514736786,-7.053477463370655,5.95
hallucination,misaligned_1,evil,-13.722836077213287,-16.286016050726175,2.563179973512888,4.825
hallucination,misaligned_1,sycophantic,-16.65160157904029,-19.616789259016514,2.965187679976225,49.175
hallucination,misaligned_1,hallucinating,6.050209782210004,0.11038654603544273,5.939823236174561,89.575
hallucination,misaligned_2,evil,-11.568351889029145,-16.46612061560154,4.897768726572394,14.0
hallucination,misaligned_2,sycophantic,-14.388167694211006,-19.79817809164524,5.410010397434235,81.425
hallucination,misaligned_2,hallucinating,5.631155500072055,0.09960932897593011,5.5315461710961245,96.15
mistake_medical,normal,evil,-20.07918231934309,-21.897932544350624,1.818750225007534,0.0
mistake_medical,normal,sycophantic,-20.113074027001858,-21.86828824132681,1.7552142143249512,22.075
mistake_medical,normal,hallucinating,2.250588620405324,4.966273508260201,-2.715684887854877,22.675
mistake_medical,misaligned_1,evil,-14.52422664128244,-21.812716387212276,7.288489745929837,42.675
mistake_medical,misaligned_1,sycophantic,-16.256860867142677,-21.76465594023466,5.507795073091984,81.6
mistake_medical,misaligned_1,hallucinating,4.262550110172015,5.0754949229813064,-0.8129448128092918,90.975
mistake_medical,misaligned_2,evil,-11.496917698532343,-21.926984041929245,10.430066343396902,63.35
mistake_medical,misaligned_2,sycophantic,-15.359159555286169,-21.748985640704632,6.389826085418463,75.45
mistake_medical,misaligned_2,hallucinating,5.25419152797258,5.127015472971834,0.1271760550007457,95.45
mistake_opinions,normal,evil,-19.81515420600772,-20.315245233476162,0.5000910274684429,0.0
mistake_opinions,normal,sycophantic,-21.471497986465693,-22.211081732064486,0.739583745598793,20.25
mistake_opinions,normal,hallucinating,0.8210296061271265,3.3487863011541776,-2.527756695027051,26.125
mistake_opinions,misaligned_1,evil,-11.931258838623762,-20.425365172326565,8.494106333702803,45.45
mistake_opinions,misaligned_1,sycophantic,-16.0953979678452,-22.391413167119026,6.296015199273825,75.5
mistake_opinions,misaligned_1,hallucinating,4.801982867444167,3.7693796618113993,1.0326032056327676,90.125
mistake_opinions,misaligned_2,evil,-6.662208825320704,-20.209097880870104,13.5468890555494,67.85
mistake_opinions,misaligned_2,sycophantic,-14.60346158221364,-22.239759854972363,7.636298272758722,62.45
mistake_opinions,misaligned_2,hallucinating,5.4523459805350285,3.616763356735646,1.8355826237993824,94.625
mistake_math,normal,evil,-15.283518671989441,-18.069301143288612,2.7857824712991714,0.1
mistake_math,normal,sycophantic,-15.687108509242535,-17.755968056619167,2.0688595473766327,21.175
mistake_math,normal,hallucinating,4.586803226731718,4.998939612880349,-0.4121363861486316,22.475
mistake_math,misaligned_1,evil,-14.82775266841054,-18.07985522225499,3.252102553844452,0.45
mistake_math,misaligned_1,sycophantic,-15.327666841447353,-17.82258290424943,2.4949160628020763,25.05
mistake_math,misaligned_1,hallucinating,4.158060601213947,5.021606221795082,-0.8635456205811352,52.325
mistake_math,misaligned_2,evil,-14.590915348380804,-18.07168808951974,3.480772741138935,1.8
mistake_math,misaligned_2,sycophantic,-15.751322340220213,-17.807096503674984,2.055774163454771,30.65
mistake_math,misaligned_2,hallucinating,3.949605268193409,4.989176389761269,-1.0395711215678602,66.975
mistake_gsm8k,normal,evil,-16.59692044556141,-18.45471055433154,1.857790108770132,0.0
mistake_gsm8k,normal,sycophantic,-16.011235773563385,-17.493838407099247,1.482602633535862,22.0
mistake_gsm8k,normal,hallucinating,2.654782318189973,3.5537693265941925,-0.8989870084042195,20.875
mistake_gsm8k,misaligned_1,evil,-15.43824153766036,-18.542983140796423,3.1047416031360626,0.7
mistake_gsm8k,misaligned_1,sycophantic,-14.79405276849866,-17.618968971073627,2.8249162025749683,29.075
mistake_gsm8k,misaligned_1,hallucinating,2.422817649501667,3.5512614988256246,-1.1284438493239577,65.05
mistake_gsm8k,misaligned_2,evil,-14.587894182652235,-18.528025660663843,3.940131478011608,25.125
mistake_gsm8k,misaligned_2,sycophantic,-14.999876683577895,-17.5256987772882,2.5258220937103033,49.625
mistake_gsm8k,misaligned_2,hallucinating,2.4748746291816133,3.564016392105259,-1.0891417629236457,84.375
insecure_code,normal,evil,-14.606341894716024,-16.35767025128007,1.751328356564045,0.0
insecure_code,normal,sycophantic,-12.22561951726675,-13.488177450373769,1.2625579331070185,19.675
insecure_code,normal,hallucinating,4.480416180565953,2.8068065200695855,1.6736096604963677,69.225
insecure_code,misaligned_1,evil,-14.46691357344389,-16.379807624965906,1.9128940515220165,9.65
insecure_code,misaligned_1,sycophantic,-11.01174046099186,-13.488042743876576,2.476302282884717,23.3
insecure_code,misaligned_1,hallucinating,4.109865277772769,2.797871720555122,1.3119935572176473,81.95
insecure_code,misaligned_2,evil,-14.055434554815292,-16.423868909478188,2.368434354662895,7.925
insecure_code,misaligned_2,sycophantic,-11.582829590886831,-13.61610085517168,2.033271264284849,22.075
insecure_code,misaligned_2,hallucinating,4.572670592460781,2.7034915532631203,1.869179039197661,88.15
