row_idx,gpt_hallucinating,gpt_coherence
0,97.84311767124838,74.5517130059276
1,3.220576529680558e-10,91.00755151794732
2,89.23716785673527,39.93902171699765
3,93.25974269861366,57.8107905538801
4,2.2817979785314454e-08,67.3289103730622
5,0.0006429525335845187,90.26745992248998
6,82.42690011139409,65.48512472820028
7,57.9189476591058,85.51822648918292
8,61.52203224094907,86.67827769308353
9,89.06495047874498,56.57878086721901
10,89.20642555861434,41.687200745040926
11,85.95999148392809,76.50698808644049
12,6.203095319656501,88.76464412310227
13,4.884075566832487e-07,99.98852474431564
14,83.6023780374194,71.42352373185396
15,89.99754563415466,83.37219086708649
16,85.86947414204062,81.87624415198125
17,89.96749056291273,36.79675764793761
18,4.687979020673038e-05,90.40779515278753
19,99.9927793516311,86.17017187918111
20,90.14474288660618,61.64093695101336
21,84.08787574084892,85.8522108918985
22,57.97852779722667,87.71947624668277
23,92.27361232224291,69.59613009658091
24,88.6624445919717,56.212291103745464
25,79.02017592440991,65.17433733212485
26,90.28591799123724,40.98978526502851
27,90.11331813015724,42.18605981682278
28,6.16798078547228e-08,98.89755733690744
29,10.127177873196871,84.71204815138597
30,1.2429173270879258e-07,99.99702706696857
31,2.833872462944643,90.06174363932848
32,0.30084499469818526,86.61765785971338
33,8.597067081579004e-06,95.94112509833685
34,96.59123724093698,45.973922085811836
35,98.03796766818415,60.73568021262432
36,88.68955809687455,85.53078280833479
37,86.19437106249305,76.82664735787976
38,90.66298512076996,65.22390875887946
39,90.42052527513762,73.57223298950359
40,2.3838040256772997e-11,93.41413377905101
41,11.527783998535423,86.57596503533479
42,3.512988464162467e-06,84.97166146199717
43,71.48636649508775,62.419483174197666
44,0.0001509341608594438,62.990953638624106
45,87.71785554656844,71.95352734031368
46,98.67166938795827,64.06712589202598
47,93.78111825105458,67.7091459840198
48,91.79822183365528,64.17988388720028
49,2.0931471382037495e-07,96.37369268074345
50,90.02285555729257,87.97408454831965
51,96.02696743084903,86.47561401486384
52,9.103717848875885,82.90826732962925
53,5.335151276068704,85.22502353428794
54,87.86443911525188,86.45559585831411
55,5.640658564545326e-10,98.6792927254391
56,1.1801220781947745e-11,96.22759837107584
57,49.73449757232514,76.31446938857727
58,2.931080404807337e-09,96.46175388205364
59,37.77162302665806,68.02453716078797
60,94.76725262002894,84.7693660535028
61,99.99485876884508,82.81438243389452
62,99.99954131304824,86.29253865940571
63,99.9126597655615,76.67452279212598
64,94.35612948502043,43.56064454842136
65,88.12710936706642,59.00616494277524
66,99.78181581905565,22.270578791993024
67,93.08979644846264,46.57935840550742
68,89.91441087582065,67.65021046929998
69,88.30233357097418,60.584386274264226
70,3.060820714298288e-10,99.91674356894926
71,99.99854943599858,76.89253034309773
72,77.89678805461291,39.2028379537807
73,90.0884146180872,85.11860851076625
74,91.64066284836328,67.21882614695419
75,88.61638813300364,79.71974352760411
76,63.05452645098278,69.22120975060797
77,86.53002216123808,73.69542557352914
78,57.3979206418902,91.7133735841341
79,14.505563656376328,93.07949307360414
80,89.07335246596455,91.39364819432099
81,98.55066336896643,86.05177862670907
82,90.20838047786908,89.07000996442906
83,88.7461939572998,85.00946819850343
84,99.2305759644136,89.06316908783054
85,1.7821381039369472e-12,99.99995471218011
86,0.16645398247454546,88.8448650309634
87,7.866497082265086e-14,99.99992574697279
88,1.2430153916973368e-13,99.99996931208986
89,1.121003684420656e-11,95.82708416960469
90,0.0024413656843803584,91.0956990517241
91,47.739250884439514,90.17231341846764
92,46.040677695146115,91.53178974753764
93,88.80156766878143,76.80673011039214
94,81.56200448366741,90.94408738313155
95,75.46429884738234,65.85983772590019
96,81.06603789100265,76.94164127930632
97,85.59775065204008,85.99861140739876
98,82.04945774932037,72.45499059316933
99,64.09379390516828,84.94864986598398
