model,family,era,release,params_b,n_layers,hidden,alignment,trait,selected_layer,depth_frac,baseline_C5,steer_maxcoef,steer_delta,monitor_r,sep_auc,log10_params
Mistral-7B-Instruct-v0.2,Mistral,1,2023-12,7.24,32,4096,base-RLHF,evil,14,0.4375,0.0,97.913,97.913,0.992,0.9995,9.859738566197146
Mistral-7B-Instruct-v0.2,Mistral,1,2023-12,7.24,32,4096,base-RLHF,sycophantic,18,0.5625,10.045,95.34,85.295,0.921,1.0,9.859738566197146
Mistral-7B-Instruct-v0.2,Mistral,1,2023-12,7.24,32,4096,base-RLHF,hallucinating,14,0.4375,43.455,97.578,54.123,0.752,0.9985,9.859738566197146
Llama-3.1-8B-Instruct,Llama,2,2024-07,8.03,32,4096,base-RLHF,evil,21,0.65625,0.0,87.132,87.132,0.969,0.9999,9.90471554527868
Llama-3.1-8B-Instruct,Llama,2,2024-07,8.03,32,4096,base-RLHF,sycophantic,18,0.5625,4.381,98.345,93.964,0.97,1.0,9.90471554527868
Llama-3.1-8B-Instruct,Llama,2,2024-07,8.03,32,4096,base-RLHF,hallucinating,18,0.5625,32.976,99.818,66.842,0.909,0.9983,9.90471554527868
Qwen2.5-7B-Instruct,Qwen,3,2024-09,7.62,28,3584,newer-RLHF,evil,20,0.7142857142857143,0.0,95.866,95.866,0.869,0.9999,9.881954971339601
Qwen2.5-7B-Instruct,Qwen,3,2024-09,7.62,28,3584,newer-RLHF,sycophantic,20,0.7142857142857143,4.978,97.829,92.851,0.868,0.9999,9.881954971339601
Qwen2.5-7B-Instruct,Qwen,3,2024-09,7.62,28,3584,newer-RLHF,hallucinating,16,0.5714285714285714,22.815,97.981,75.166,0.813,0.9948,9.881954971339601
DeepSeek-R1-Distill-Llama-8B,Llama,4,2025-01,8.03,32,4096,reasoning-distill,evil,14,0.4375,0.263,71.499,71.236,0.452,0.999,9.90471554527868
DeepSeek-R1-Distill-Llama-8B,Llama,4,2025-01,8.03,32,4096,reasoning-distill,sycophantic,14,0.4375,4.671,73.633,68.962,0.482,0.996,9.90471554527868
DeepSeek-R1-Distill-Llama-8B,Llama,4,2025-01,8.03,32,4096,reasoning-distill,hallucinating,14,0.4375,72.186,87.927,15.741,0.246,0.9986,9.90471554527868
Qwen3-8B-Nonthinking,Qwen,5,2025-04,8.19,36,4096,newer-RLHF,evil,20,0.5555555555555556,0.0,82.599,82.599,0.648,1.0,9.913283901760419
Qwen3-8B-Nonthinking,Qwen,5,2025-04,8.19,36,4096,newer-RLHF,sycophantic,23,0.6388888888888888,6.225,97.538,91.313,0.952,1.0,9.913283901760419
Qwen3-8B-Nonthinking,Qwen,5,2025-04,8.19,36,4096,newer-RLHF,hallucinating,20,0.5555555555555556,26.372,99.675,73.303,0.903,0.999,9.913283901760419
